{"logitech_webcam":{"rot":[-0.3696555197238922,0.6283388137817383,0.6154246926307678,-0.36251094937324524],"trans":[0.9403526186943054,-0.35773995518684387,0.8288238048553467]}}